id,nombre,apellido,correo,telefono,tipo,estado
1,Nico,Olmedo,ernesto33@example.org,+34 878 80 85 19,Premium,Activo
2,Baldomero,Frutos,eli88@example.net,+34922 311 045,Regular,Inactivo
3,Jonatan,Mariscal,xcamacho@example.com,+34 877 12 60 13,Premium,Inactivo
4,Elpidio,Osuna,ikerjara@example.com,+34986 10 87 69,VIP,Activo
5,Juan José,Jaume,jose-ignacioneira@example.org,+34825467391,Regular,Inactivo
6,Javiera,Morata,federico03@example.net,+34916644339,Premium,Activo
7,Eligia,Trillo,lcervantes@example.net,+34941 75 12 66,Regular,Activo
8,Delia,Soto,rgalvan@example.net,+34 925116974,VIP,Inactivo
9,Rosenda,Nevado,montserratbravo@example.com,+34932 405 725,Regular,Inactivo
10,Etelvina,Cañete,leoncio56@example.com,+34 886 52 50 90,Regular,Activo
11,Estefanía,Mulet,nazaretamoros@example.org,+34885 879 135,VIP,Activo
12,Esperanza,Rey,maria-pilar28@example.com,+34 942 39 87 45,VIP,Inactivo
13,Renato,Sosa,hortensia54@example.net,+34957 443 967,VIP,Inactivo
14,Moreno,Melero,bartolometirado@example.org,+34864020760,Regular,Activo
15,Guiomar,Chaves,arambururufina@example.org,+34 900 80 97 41,VIP,Activo
16,Vasco,Cruz,victoriano00@example.com,+34 885677826,VIP,Activo
17,Cristóbal,Escamilla,edelmiro55@example.net,+34 888 925 022,Premium,Activo
18,Chus,Suarez,albadavila@example.net,+34 748587799,VIP,Inactivo
19,Francisco Jose,Isern,santosguijarro@example.org,+34 988 35 34 33,VIP,Inactivo
20,Heriberto,Perales,marinaadan@example.com,+34 821027920,VIP,Activo
21,Venceslás,López,kechevarria@example.com,+34 848 323 556,Regular,Activo
22,Pascual,Salvador,herbertocorrea@example.net,+34 807 375 929,Premium,Activo
23,Alma,Alsina,salomrosalia@example.org,+34739 430 686,VIP,Inactivo
24,Bibiana,Mesa,tcosta@example.net,+34 845 11 09 65,Regular,Inactivo
25,Gerardo,Gárate,reginanavas@example.com,+34 855 401 543,VIP,Inactivo
26,Jose Carlos,Sarmiento,alfredocomas@example.com,+34 985 94 21 07,Premium,Activo
27,Fanny,Heredia,amandoolmo@example.com,+34 888053668,Regular,Activo
28,Inocencio,Sánchez,moises96@example.net,+34 924 12 36 96,Premium,Inactivo
29,Pepe,Hernández,zapatasamuel@example.net,+34928287695,VIP,Activo
30,Nico,Caro,riquelmecasandra@example.com,+34871687081,VIP,Activo
31,Ramona,Simó,ntome@example.com,+34886862081,Premium,Activo
32,Perla,Cárdenas,chussureda@example.org,+34839178725,Premium,Activo
33,Nazaret,Blázquez,pascualchaparro@example.org,+34885559905,Premium,Inactivo
34,Adora,Anaya,martinezalejandra@example.net,+34876 68 71 51,Regular,Activo
35,Bibiana,Arrieta,bautistabolanos@example.com,+34824 12 13 71,Premium,Inactivo
36,Cándido,Pino,luis83@example.com,+34 974 558 728,VIP,Inactivo
37,Mónica,Pintor,valeroyago@example.com,+34 842 134 921,Premium,Inactivo
38,Agustina,Moll,porfiriocabanillas@example.net,+34 825 803 080,Regular,Inactivo
39,Luís,Baena,vascolaguna@example.org,+34 875 803 210,VIP,Inactivo
40,Nicolasa,Conesa,alfredomatas@example.com,+34 986 25 00 84,Premium,Inactivo
41,Marisela,Manjón,almudena73@example.net,+34845507455,Premium,Inactivo
42,Rosa,Pinilla,zairasotelo@example.org,+34822 06 50 07,VIP,Activo
43,Feliciana,Lorenzo,blancabienvenida@example.com,+34 843485204,Premium,Inactivo
44,Obdulia,Almeida,gcabanillas@example.com,+34 807 803 624,Regular,Inactivo
45,Amanda,Conesa,cabezassara@example.com,+34944 62 22 37,VIP,Inactivo
46,Arsenio,Ripoll,camiloandres@example.org,+34 922 23 91 97,Premium,Activo
47,Juan Luis,Briones,victorinobastida@example.com,+34 885266138,VIP,Activo
48,Aarón,Valverde,oteroadelaida@example.org,+34 979 900 003,Premium,Activo
49,Francisca,Peral,xalemany@example.com,+34944 84 25 22,Premium,Activo
50,Estefanía,Guillen,gustavobou@example.org,+34806 59 85 97,VIP,Inactivo
51,Ramiro,Ayuso,taboadacalixta@example.com,+34 883 048 952,VIP,Inactivo
52,Ana Sofía,Calderón,qllopis@example.net,+34 941 565 087,Premium,Inactivo
53,Jenaro,Almansa,liliana34@example.net,+34983 104 132,Premium,Activo
54,Nazario,Gonzalo,albert43@example.net,+34 946638560,Premium,Activo
55,Pepe,Piñol,dimas95@example.com,+34 873240649,VIP,Inactivo
56,Lucio,Iñiguez,mohamed81@example.com,+34 858 113 248,Premium,Activo
57,José,Esparza,mercedes75@example.org,+34 979 629 470,VIP,Activo
58,Maximiano,Figuerola,mpoza@example.org,+34 877 589 587,Regular,Inactivo
59,Lucila,Bayo,linopomares@example.org,+34 820 19 78 67,Premium,Activo
60,Elvira,Diego,marita85@example.net,+34924 125 792,Premium,Inactivo
61,Reynaldo,Maestre,candido59@example.net,+34879 461 172,Regular,Inactivo
62,Julie,Barco,juliotello@example.com,+34877501965,Premium,Activo
63,Encarnita,Benitez,dimas82@example.net,+34939412206,Premium,Activo
64,Adelina,Viña,franciscoandrade@example.com,+34973227465,Premium,Activo
65,Rosario,Tirado,yessicabaquero@example.org,+34 881 96 62 86,VIP,Inactivo
66,Martina,Benítez,barreraeugenia@example.net,+34 842775216,Premium,Inactivo
67,Fortunato,Granados,juliovalls@example.net,+34 980 36 68 31,Regular,Activo
68,Luís,Ballesteros,samantaegea@example.com,+34832 06 99 99,VIP,Activo
69,Javi,Castilla,gomisluciano@example.net,+34833549940,VIP,Inactivo
70,Domingo,Matas,gomezpascuala@example.org,+34981113412,Regular,Activo
71,Fabiola,Aznar,ofeliatorrens@example.com,+34 843 19 65 65,Regular,Activo
72,Reyna,Robledo,llobetbalduino@example.org,+34979193718,VIP,Inactivo
73,Apolonia,Rebollo,camilovara@example.org,+34844 49 72 51,VIP,Inactivo
74,Fabián,Estévez,ylillo@example.net,+34862 244 934,VIP,Inactivo
75,Hernando,Ledesma,valenciadora@example.org,+34 946 72 32 04,Premium,Inactivo
76,Edelmira,Tomas,saturninaprada@example.org,+34 716324101,Regular,Inactivo
77,Pascuala,Benavides,alejo20@example.com,+34 700374211,VIP,Inactivo
78,Pili,Borrás,octaviamanso@example.org,+34972100780,VIP,Activo
79,Aura,Calleja,rfigueroa@example.org,+34 877 42 41 59,VIP,Inactivo
80,Diego,Gomez,florinda00@example.net,+34 842 030 752,Regular,Inactivo
81,Angélica,Macias,pabloemma@example.com,+34735854725,Premium,Activo
82,Seve,Ropero,tarteaga@example.com,+34 977 492 940,VIP,Activo
83,Ángeles,Adán,npont@example.net,+34 977411498,Premium,Inactivo
84,Rufina,Barragán,natividadlloret@example.org,+34 975 465 830,Premium,Inactivo
85,Daniela,Bayón,isidroarevalo@example.com,+34 986 94 99 18,Regular,Inactivo
86,Roque,Talavera,marcelinogarrido@example.net,+34 881 176 125,Regular,Activo
87,Quirino,Osorio,linareschucho@example.org,+34910 279 577,VIP,Activo
88,Julie,Amo,riquelmeamor@example.org,+34878518752,VIP,Activo
89,Elba,Roldán,alba37@example.com,+34843 63 62 47,Regular,Activo
90,Elisabet,Hernandez,bgomila@example.org,+34 612 16 99 78,Premium,Inactivo
91,Loreto,Pazos,leonorcasado@example.com,+34880655335,Regular,Inactivo
92,Inmaculada,Donoso,tbriones@example.org,+34843262928,VIP,Activo
93,Edgardo,Dueñas,santanadalila@example.com,+34 822 284 627,Regular,Inactivo
94,Emilio,Miralles,manolacifuentes@example.net,+34 885 91 48 11,Premium,Activo
95,Che,Arnau,iferrer@example.net,+34942 84 10 71,Regular,Activo
96,Tere,Vendrell,wiriarte@example.org,+34 912455706,Regular,Activo
97,Eustaquio,Carbonell,melaniabarcelo@example.net,+34945784854,VIP,Activo
98,Áurea,Vigil,tsotelo@example.net,+34 926 788 458,Regular,Inactivo
99,Elías,Paniagua,pablo52@example.com,+34 941 02 26 38,Regular,Activo
100,Hernán,Navarrete,vmarino@example.net,+34 874 736 679,Premium,Activo
101,Hipólito,Catalá,galanodalys@example.net,+34708 557 251,VIP,Inactivo
102,Soraya,Figueras,macarenaalvarez@example.org,+34 875863611,Regular,Activo
103,Carmelo,Alegre,anselma44@example.com,+34 926 43 88 21,Regular,Inactivo
104,Ester,Alfaro,mrovira@example.net,+34 871 115 241,VIP,Inactivo
105,Rodolfo,Polo,rosendo16@example.org,+34821 44 23 08,Regular,Inactivo
106,Armando,Galán,daniarenas@example.com,+34825 478 830,Regular,Activo
107,Amílcar,Castellanos,zsevilla@example.com,+34 926954140,VIP,Inactivo
108,Bonifacio,Casal,frutosrosario@example.org,+34 977 81 48 67,VIP,Activo
109,Margarita,Cabo,lrios@example.org,+34982 161 311,Regular,Inactivo
110,Blas,Menendez,yessicacastello@example.net,+34980 500 319,VIP,Inactivo
111,Xiomara,Pascual,allano@example.com,+34830 828 208,Premium,Activo
112,Merche,Abril,valeroiglesia@example.net,+34 879 209 314,Regular,Inactivo
113,Mohamed,Puerta,ojedadolores@example.org,+34874 18 18 76,VIP,Inactivo
114,Bernarda,Olmo,ibarranco@example.com,+34 847741113,Premium,Inactivo
115,Feliciana,Vicente,asuncionadadia@example.com,+34800537254,VIP,Activo
116,Chelo,Herrera,maria-dolores11@example.org,+34845476248,Regular,Inactivo
117,Guadalupe,Baena,rsimo@example.org,+34 979398618,Premium,Activo
118,Montserrat,Antúnez,leopoldo32@example.org,+34 949 21 85 73,Premium,Inactivo
119,Demetrio,Ferrera,dimascantero@example.net,+34749584567,Regular,Inactivo
120,Simón,Ocaña,jmartorell@example.com,+34983 233 531,Premium,Activo
121,Victor Manuel,Roura,cortesmarcela@example.com,+34 945479263,Premium,Inactivo
122,Julio César,Gabaldón,agataferrandiz@example.org,+34803 82 60 83,Regular,Inactivo
123,César,Valencia,rosalva80@example.org,+34826 458 200,VIP,Inactivo
124,Ariadna,Acevedo,cruzcruz@example.org,+34 927 73 09 89,VIP,Inactivo
125,Loida,Posada,vruano@example.org,+34844 45 61 53,Regular,Activo
126,Federico,Cervantes,ttejada@example.net,+34 945 439 145,Regular,Activo
127,Domingo,Llabrés,mantunez@example.com,+34987146557,Regular,Activo
128,Wilfredo,Gallardo,valbuenagema@example.org,+34 882892262,VIP,Activo
129,Modesta,Cuesta,abascalfortunata@example.com,+34976 68 66 70,Regular,Activo
130,Consuela,Montenegro,elujan@example.net,+34872 19 13 52,Regular,Inactivo
131,Pánfilo,Plana,nsebastian@example.com,+34 826 544 031,Regular,Inactivo
132,Felisa,Morera,ana-sofia27@example.com,+34 820 93 60 76,Premium,Activo
133,Teo,Rocha,lvarela@example.net,+34 948 469 601,Regular,Activo
134,Joaquina,Valdés,barrerajose-ramon@example.com,+34803 046 970,Regular,Inactivo
135,Jaime,Tudela,herminiahidalgo@example.com,+34888 85 45 20,VIP,Inactivo
136,Claudio,Bru,wvillalonga@example.org,+34813002476,VIP,Inactivo
137,Pepita,Cárdenas,poncio09@example.com,+34 735 734 374,Premium,Activo
138,Sandalio,Cabañas,remigiohernando@example.org,+34833481247,Regular,Activo
139,Fabián,Cerro,bayonale@example.org,+34800 857 278,VIP,Inactivo
140,Juan Antonio,Cárdenas,alberdidionisio@example.net,+34824274546,Regular,Inactivo
141,José María,Galván,amoresmanu@example.com,+34 887 01 80 48,Regular,Activo
142,Isaías,Gámez,srosell@example.com,+34971 128 749,Premium,Inactivo
143,Maximiano,Almansa,piedad14@example.net,+34919 05 22 50,Regular,Inactivo
144,Melchor,Monreal,benavidespablo@example.org,+34 941251743,Regular,Activo
145,Eutimio,Martínez,tomasamor@example.org,+34 843 32 63 12,Premium,Activo
146,Fernanda,Goicoechea,vinaema@example.org,+34885177044,Regular,Activo
147,Roldán,Jimenez,tonotomas@example.net,+34 807 34 53 71,Regular,Activo
148,Vicente,Arana,nelida87@example.net,+34828620487,Premium,Activo
149,Melania,Ferreras,conchapedrosa@example.net,+34845128740,Premium,Activo
150,Alejo,Ferrer,gilberto47@example.net,+34 975583790,VIP,Inactivo
151,Anita,Falcó,pepita37@example.com,+34 982 67 01 01,Premium,Inactivo
152,Amaro,Gibert,franciscojorge@example.org,+34 803 22 75 48,VIP,Inactivo
153,Eloísa,Moliner,eutropioarcos@example.org,+34888 03 82 59,Regular,Activo
154,Sarita,Salamanca,teodoro15@example.org,+34800 66 77 97,VIP,Activo
155,María Teresa,Valenciano,torregisela@example.com,+34 931054906,VIP,Inactivo
156,Angélica,Torrens,lgaliano@example.net,+34985 56 05 93,Regular,Inactivo
157,Luciano,Serna,alcaldenelida@example.com,+34 982 36 76 07,Regular,Activo
158,Juan Francisco,Toro,alejosalinas@example.org,+34982102438,Regular,Activo
159,Ibán,Pla,asdrubalgelabert@example.net,+34987577236,Premium,Inactivo
160,Amando,Querol,lupe30@example.org,+34 820721538,Regular,Activo
161,Maximiano,Segovia,icasals@example.com,+34846409545,Premium,Activo
162,Joel,Castelló,wcastrillo@example.org,+34 729 430 013,Regular,Activo
163,Rosaura,Barrio,soraya01@example.org,+34 977506817,Premium,Activo
164,Eulalia,Simó,escuderorosalva@example.org,+34944010920,VIP,Activo
165,Calisto,Belda,jose-ignacio55@example.org,+34 942279741,Regular,Inactivo
166,Anacleto,Pinto,reyescabezas@example.org,+34 975 00 50 26,Regular,Inactivo
167,Agapito,Varela,maria-teresagil@example.com,+34917 05 38 34,Regular,Inactivo
168,Ale,Arnaiz,jeronimoruano@example.org,+34729633731,VIP,Inactivo
169,Ricardo,Portero,vinaamalia@example.net,+34 871 793 407,Premium,Inactivo
170,Eufemia,Sáenz,ambarvicens@example.com,+34886983651,VIP,Activo
171,Remedios,Matas,jovecristian@example.net,+34 842657239,VIP,Activo
172,Lorenza,Perera,milagros33@example.net,+34878 22 97 53,VIP,Activo
173,Rosalía,Girón,estelaalvarez@example.net,+34826 10 22 36,Regular,Inactivo
174,Cruz,Benavent,magdalenagarriga@example.com,+34972 393 541,Premium,Activo
175,Edelmira,Herrera,itziar73@example.net,+34 968126478,Premium,Activo
176,Amalia,Barroso,ciriacoromero@example.org,+34 849 334 457,VIP,Inactivo
177,Juanito,Solano,andres-felipeaguila@example.org,+34873225083,Premium,Inactivo
178,Mauricio,Lozano,lucas55@example.com,+34 926871413,Premium,Inactivo
179,Graciano,Gelabert,marivictor-manuel@example.com,+34 920 47 75 13,VIP,Activo
180,Nereida,Pol,edelmira85@example.net,+34978 52 88 10,Premium,Activo
181,Gaspar,Lobo,zcortina@example.com,+34 984695846,Premium,Inactivo
182,Pepita,Pazos,figuerasjuan-antonio@example.net,+34901 856 069,VIP,Activo
183,Inocencio,Lara,rodenaselvira@example.org,+34 944 80 70 08,Premium,Activo
184,Jacobo,Valbuena,zsalgado@example.net,+34846241626,VIP,Inactivo
185,Leopoldo,Molina,coronaescalona@example.net,+34878 42 33 62,Premium,Activo
186,Eligia,Diez,rodenasseverino@example.net,+34886423459,Premium,Inactivo
187,Ramón,Marin,rossellojordan@example.org,+34 832 663 369,Regular,Activo
188,Miguel Ángel,Lago,veraarrieta@example.net,+34 883715460,VIP,Activo
189,Encarnita,Cabañas,pradaluciana@example.org,+34828 35 58 05,VIP,Inactivo
190,Reynaldo,Puerta,fusterarsenio@example.org,+34 900864270,VIP,Activo
191,Encarnacion,Peinado,jesuspont@example.net,+34946552736,Regular,Activo
192,Faustino,Villanueva,georgina58@example.com,+34946765304,VIP,Inactivo
193,Cruz,Quero,beltranhernando@example.com,+34948 313 252,Premium,Inactivo
194,Jordán,Gallardo,emena@example.net,+34 928 97 52 49,Regular,Inactivo
195,Laura,Sierra,qcozar@example.com,+34 926453822,Premium,Activo
196,Amando,Isern,pacafeijoo@example.net,+34 720124867,Regular,Activo
197,Jordana,Sancho,ocobo@example.org,+34 958 60 81 65,Premium,Activo
198,Flora,Moraleda,moralesangela@example.com,+34 987 28 51 83,VIP,Activo
199,Florencio,Paniagua,rosendagamez@example.net,+34 747 79 62 97,Regular,Inactivo
200,Maximiliano,Solsona,idonaire@example.net,+34 911 65 67 16,Premium,Inactivo
201,Juan Antonio,Casado,castellonorberto@example.com,+34881 033 517,Premium,Activo
202,Loida,Berrocal,sebastianjuana@example.com,+34 980 087 461,Regular,Inactivo
203,Juan Francisco,Quintanilla,hconde@example.org,+34 885 15 96 30,VIP,Activo
204,Clara,Ricart,eduborrell@example.org,+34919 401 200,VIP,Activo
205,Cornelio,Andres,inocencionarvaez@example.com,+34 987 968 198,Premium,Inactivo
206,Lola,Corral,jose-manuel40@example.org,+34824 072 514,Regular,Inactivo
207,Sofía,Sierra,modesto15@example.org,+34878 000 024,Regular,Inactivo
208,Octavia,Alcolea,benetcintia@example.net,+34926658778,VIP,Inactivo
209,Lina,Escolano,mcriado@example.net,+34922236511,Premium,Inactivo
210,Plinio,Vega,tovaralicia@example.org,+34820 37 73 47,Premium,Activo
211,Plácido,Seguí,zricart@example.org,+34873278991,Premium,Activo
212,Maximiano,Ponce,monicasalvador@example.net,+34920 62 37 32,VIP,Inactivo
213,Natividad,Doménech,rocaluna@example.net,+34 800 89 22 14,Regular,Inactivo
214,Esther,Baena,hilda73@example.net,+34 868 54 38 02,Regular,Inactivo
215,Julieta,Herranz,cristina92@example.org,+34 853759121,Premium,Inactivo
216,Carmelita,Torrents,garamburu@example.org,+34842 79 21 79,Premium,Activo
217,Natanael,Reguera,kikebonilla@example.org,+34 902 925 040,VIP,Inactivo
218,Lara,Gimenez,canojoaquina@example.net,+34986 082 179,VIP,Inactivo
219,Ana Sofía,Hoz,rouracalisto@example.org,+34947 28 60 49,Regular,Activo
220,Luisa,Paredes,leonyesica@example.org,+34 874 74 46 83,Premium,Activo
221,Isaura,Salvà,corona57@example.org,+34 748 250 963,Premium,Activo
222,Bruno,Saldaña,mpinol@example.com,+34823 60 28 56,Premium,Inactivo
223,Baldomero,Beltrán,muroalejandro@example.net,+34879 331 786,VIP,Inactivo
224,Alexandra,Vaquero,pilar46@example.net,+34822653096,VIP,Activo
225,Bárbara,Jara,piasalmeron@example.org,+34 911 33 03 85,Regular,Inactivo
226,Nilda,Ropero,gil00@example.org,+34 946 99 46 95,Regular,Inactivo
227,Bernardita,Bolaños,maximino74@example.net,+34 823 96 27 50,VIP,Inactivo
228,Itziar,Barragán,vhernandez@example.net,+34 982 941 165,VIP,Activo
229,María Fernanda,Salvador,maximiano11@example.org,+34 927295082,Regular,Inactivo
230,Amalia,Guardia,rcaballero@example.com,+34 981303729,Premium,Inactivo
231,María Del Carmen,Lastra,wtomas@example.com,+34827345847,Premium,Inactivo
232,Moisés,Canet,barraganclementina@example.com,+34 927 166 276,Premium,Activo
233,José Ángel,Cabezas,riosgodofredo@example.net,+34 977148542,Premium,Inactivo
234,Epifanio,Balaguer,bllorente@example.org,+34973010172,VIP,Activo
235,Tomasa,Santiago,albert50@example.org,+34 854 28 40 24,Premium,Inactivo
236,Florencio,Delgado,xgutierrez@example.com,+34 927 008 711,Premium,Activo
237,Lázaro,Colomer,lupe22@example.net,+34 874218466,Premium,Activo
238,Faustino,Blazquez,alonsocabrera@example.com,+34878478096,Regular,Activo
239,Leoncio,Corbacho,chuy17@example.net,+34 926 27 48 91,VIP,Activo
240,Juan Antonio,Segarra,leandrocastillo@example.org,+34878767552,VIP,Activo
241,Candelario,Lobato,encarnacionlobo@example.org,+34 845 244 009,Premium,Activo
242,Carmina,Bejarano,susanachacon@example.com,+34 947 62 50 97,Regular,Inactivo
243,Ignacia,Fuertes,trinidadiriarte@example.org,+34 826 528 121,Regular,Inactivo
244,Florinda,Batlle,mateujessica@example.org,+34960 630 453,Premium,Activo
245,Sonia,Sancho,wperez@example.org,+34 824 113 361,Premium,Activo
246,Ignacia,Ferrera,csanmiguel@example.net,+34828 13 44 44,Premium,Inactivo
247,Georgina,Morales,figueroamaria-carmen@example.com,+34 900677728,Regular,Activo
248,Valentina,Garriga,franciscallobet@example.org,+34987252660,Premium,Inactivo
249,Hortensia,Priego,etelvina82@example.com,+34 847391926,Premium,Inactivo
250,Adán,Luna,esans@example.net,+34972445310,VIP,Activo
251,Nélida,Dalmau,arribasosvaldo@example.com,+34928 75 67 75,Regular,Activo
252,Manuela,Anglada,manuel39@example.org,+34 874881806,Regular,Activo
253,Luís,Vall,soleraema@example.net,+34 925700427,Premium,Activo
254,Cecilia,Arias,abilio24@example.org,+34869165008,Premium,Inactivo
255,Ana Belén,Ugarte,eusebia55@example.com,+34944 895 004,Premium,Activo
256,Eleuterio,Castejón,tlarrea@example.net,+34800 621 601,Premium,Activo
257,Isidoro,Cabo,guiomar49@example.com,+34 876 84 84 57,Regular,Activo
258,Bárbara,Oliva,isalazar@example.com,+34 950062950,Premium,Inactivo
259,Leire,Sainz,emiliamedina@example.org,+34 844 383 579,Regular,Activo
260,Noé,Miranda,candelariabaquero@example.org,+34 843 646 230,Premium,Activo
261,José Antonio,Ojeda,arocabegona@example.net,+34 933 242 727,Premium,Inactivo
262,Dulce,Duque,lorenzobartolome@example.com,+34875 15 92 62,Regular,Inactivo
263,Celestino,Casal,ymaza@example.net,+34851 34 98 11,VIP,Activo
264,Victoriano,Montero,cesarfabregat@example.net,+34 815 61 83 38,VIP,Inactivo
265,Tristán,Báez,melchor01@example.org,+34886217206,VIP,Activo
266,Plácido,Peláez,crespopastora@example.com,+34 985 973 074,VIP,Activo
267,Aitana,Manjón,carinaparejo@example.com,+34887027854,VIP,Activo
268,Lucho,Palomar,jennifer64@example.com,+34 972 514 395,Premium,Activo
269,Claudia,Serra,gaspar98@example.com,+34881 97 56 78,Regular,Activo
270,Tito,Beltrán,tgaya@example.com,+34 823113796,Premium,Inactivo
271,María,Cabeza,victorianoreig@example.com,+34973 51 70 13,Regular,Activo
272,Francisco Javier,Llanos,febeherrero@example.org,+34928 399 657,Regular,Inactivo
273,Oriana,Sánchez,gallardoanna@example.com,+34849636040,Premium,Inactivo
274,Martin,Agudo,adriansalmeron@example.net,+34 823 45 23 57,VIP,Activo
275,Dionisio,Ávila,zcamps@example.com,+34 842411223,VIP,Inactivo
276,Ruben,Trujillo,camposotilia@example.com,+34975 88 99 76,Premium,Activo
277,Valentín,Clemente,adrianescolano@example.com,+34 944603948,Regular,Activo
278,Edelmira,Macías,valencianomarianela@example.net,+34882021279,Regular,Activo
279,Montserrat,Osorio,angelina86@example.org,+34876382856,Premium,Inactivo
280,Juan Antonio,Cortina,antoniomoles@example.net,+34830 44 32 15,Regular,Activo
281,Gracia,López,alicia39@example.org,+34 886266804,Premium,Activo
282,Macarena,Vara,adan73@example.org,+34831724557,Premium,Activo
283,Leopoldo,Buendía,valverdeleonor@example.com,+34883 344 541,Regular,Activo
284,Chema,Marti,rosellaaron@example.org,+34943 468 313,Premium,Inactivo
285,Manuelita,Amigó,bernatjose-carlos@example.org,+34 983 56 14 31,Premium,Inactivo
286,Cecilio,Roldan,llloret@example.org,+34 981 209 202,Premium,Activo
287,Anunciación,Pinilla,narcisocollado@example.com,+34 921 82 25 61,Regular,Inactivo
288,Javier,Esteban,robertasobrino@example.org,+34 941 461 200,Regular,Inactivo
289,Corona,Pagès,kperales@example.com,+34945 377 437,Premium,Inactivo
290,Herminia,Agudo,ribasgaspar@example.org,+34 856 109 082,Premium,Inactivo
291,Luís,Saura,fortunato03@example.com,+34 841 63 70 33,VIP,Activo
292,América,Benavides,noepinto@example.net,+34 979780459,VIP,Inactivo
293,Bienvenida,Codina,gcastell@example.org,+34878935298,Premium,Inactivo
294,Ramiro,Verdugo,efigueras@example.net,+34 877 347 669,Premium,Activo
295,Vito,Folch,lupe31@example.com,+34877 810 454,VIP,Activo
296,Claudia,Bermejo,melaniacuesta@example.net,+34825841596,Premium,Inactivo
297,Amparo,Uriarte,aramburuabraham@example.com,+34 844 803 992,Premium,Inactivo
298,Máxima,Sola,octavio28@example.net,+34 973 98 01 75,Regular,Activo
299,Ruperta,Múñiz,osvaldocespedes@example.com,+34 827 493 944,VIP,Activo
300,Pánfilo,Riquelme,monicaavila@example.net,+34 945 217 197,VIP,Activo
