id,nombre,descripcion,precio,stock,estado
1,Hechos,Gran participación diferencia.,226.5,344,Agotado
2,Real,Con ambos cierto martín ni historia.,323.35,316,Disponible
3,Hacia,Uno chile esto tan tampoco río sino.,220.09,232,Agotado
4,Les,Sur técnica menos.,103.54,266,Disponible
5,Especial,Acción especie militar zona.,313.96,183,Agotado
6,Decía,General pacientes parís visto solución agua cualquier.,324.78,112,Disponible
7,Junio,Quienes interés torno estos norte momentos.,324.46,293,Disponible
8,Quién,Uno hora diversos salida junto para educación.,404.75,366,Agotado
9,Sueño,Hacia popular guerra esa misma jamás mayores.,66.96,223,Agotado
10,Paso,Deseo político ésta cosas comunidad sectores frente.,48.89,176,Agotado
11,Muerte,Programas largo destino señor militar base.,152.94,406,Disponible
12,Especie,Cambios proyectos conocimiento producción.,48.33,457,Disponible
13,Justicia,Muerto medidas esas miedo valores juego solución.,171.79,227,Agotado
14,Asociación,Futuro mano ellos hubiera llega campaña máximo.,189.89,409,Agotado
15,Existencia,Civil eran unos asociación consumo torno.,244.67,242,Agotado
16,Crisis,Contenido buena era partidos.,189.49,61,Disponible
17,Pasó,Tan proyectos si tierra fuerzas popular.,159.63,336,Agotado
18,Ambos,Papel g j marzo contra estuvo hizo.,218.61,325,Agotado
19,Pasa,Director algunas particular difícil persona.,19.03,406,Disponible
20,Mantener,Número juez actitud.,414.78,307,Disponible
21,Base,Se social favor sólo psoe.,425.47,332,Disponible
22,Cuales,Fútbol especial luz especie sangre acerca.,359.18,37,Disponible
23,Así,Hombres poco y vuelta pequeño vuelta sociedad.,493.23,179,Disponible
24,Podemos,Hicieron número y poco niños.,194.75,183,Agotado
25,Edad,Tribunal he felipe cuanto sea ello imagen.,356.34,183,Agotado
26,Sabe,Encima ciencia deja.,234.97,269,Disponible
27,Decía,Aún actitud deja julio dónde.,477.57,317,Agotado
28,Buscar,Rodríguez deseo mundo programa.,263.12,238,Disponible
29,Norte,México equipo grupo unas defensa exterior agua esfuerzo.,262.11,267,Agotado
30,Pueblo,Juicio actividad calle total diferentes.,23.45,430,Disponible
31,México,Ellas humana dijo estados.,80.17,475,Disponible
32,Tal,Baja vista conciencia afirmó desde precio público.,338.06,476,Disponible
33,Mes,Presidente lugar va iba.,385.45,332,Disponible
34,Guerra,Justicia pesetas luego partido hoy.,16.85,324,Agotado
35,Igual,Carta haciendo hermano muerto dejó hijo da sistemas.,251.74,135,Agotado
36,Valor,Fuera queda sería agua así pedro piel.,478.21,330,Disponible
37,Abril,Mucha dinero antes mar centros amigo pesetas seguro.,16.79,280,Disponible
38,Obras,Hombre lucha siquiera no defensa.,151.66,399,Agotado
39,Aquella,Misma dio período millones.,70.4,19,Agotado
40,Tan,Cultura no vista calidad cantidad posibilidad vio social.,214.5,472,Agotado
41,Sido,Decir incluso campo han otras pueden.,265.55,86,Disponible
42,N,Pasó quién jóvenes.,179.95,121,Disponible
43,Horas,Título total abril vez.,233.73,404,Disponible
44,Segundo,Puntos última existen importancia tierra.,279.05,150,Disponible
45,Haber,Cantidad ciento fuentes le tenemos socialista bueno.,252.28,323,Agotado
46,Joven,Tarde sala experiencia igual noche actividades rey.,496.13,304,Disponible
47,Les,Económica organización mil efectos.,229.59,450,Disponible
48,Últimos,Atrás hombre vez g debe carrera.,5.78,123,Agotado
49,Alrededor,Julio precios viaje donde aún.,314.87,376,Disponible
50,Actual,Demás tal calidad cuestión noviembre primero muerto.,393.01,37,Agotado
51,Boca,Más niños período madre cual izquierda encuentro.,190.77,194,Disponible
52,Manera,Ser sola septiembre hizo apenas principios.,434.1,244,Disponible
53,Quizá,Recursos pesetas sí comisión pequeño ellos camino.,131.29,488,Agotado
54,Fecha,Mayor río eran peor podía comunicación.,369.62,346,Agotado
55,Acuerdo,Sociales han comisión estaban formación sistema punto.,463.42,63,Agotado
56,Los,Hombre pueblo cuba esos.,72.4,411,Agotado
57,Diferentes,Marco común otras.,483.92,269,Agotado
58,Manos,Llamado cabeza datos cuando mirada carlos.,312.08,88,Agotado
59,Tarde,Quedó sé todavía flores.,12.15,111,Disponible
60,Resultado,Ciudad toma trabajadores resulta gonzález valores.,163.91,84,Agotado
61,Propio,Servicio real j varias hacia paso.,301.99,463,Agotado
62,Quien,Humana único el electoral equipo.,81.23,334,Disponible
63,Voz,Son programas social sobre metros recuerdo recursos.,171.13,424,Agotado
64,Consejo,Área lleva ejército vamos oro niños.,255.49,391,Agotado
65,Opinión,Hechos anterior donde hechos hija.,466.39,48,Agotado
66,Claro,Producción precisamente debía cabeza torno sala.,298.48,286,Disponible
67,Derecha,Dicho ejemplo una gonzález.,428.87,221,Disponible
68,Particular,Quería diez realizar militar aire oposición parecía.,384.66,34,Disponible
69,Hoy,Economía presenta gracias época.,348.38,171,Disponible
70,Habla,Consecuencia razón no empresa otro.,264.32,228,Agotado
71,Fuerte,Junio desarrollo muchas ya grandes pues puso.,67.09,299,Agotado
72,Madrid,Zonas vista intereses aspecto región acuerdo.,121.46,25,Disponible
73,Meses,Vida hacía carrera pudo unos.,345.96,315,Disponible
74,Puerta,Precisamente voy vez república u militar.,155.29,404,Agotado
75,Iba,Amigos producto doctor.,196.74,342,Agotado
76,Había,Suelo orden victoria precio.,379.02,239,Disponible
77,He,García blanco ni imágenes quien.,369.38,498,Agotado
78,Aunque,Tan considera pone oficial otra.,168.02,88,Agotado
79,Humana,Orden necesidad m casi.,108.65,476,Agotado
80,Tenemos,Izquierda pueblo meses años.,477.47,20,Agotado
81,Joven,Centros españoles valor lleva bueno habrá.,140.1,414,Agotado
82,Dado,Ejemplo función ojos cada.,171.63,291,Disponible
83,Teatro,Va encuentro presencia mismos.,429.77,498,Agotado
84,Llegar,Una consecuencia cosas español éste queda.,450.85,346,Agotado
85,Propio,Atrás servicio me momentos período.,95.28,408,Disponible
86,Nuestra,Habla relación unión familia trata medidas nuevo.,80.5,209,Agotado
87,Resulta,Europea conocer hombre trata.,472.13,206,Agotado
88,Ahora,Decir fútbol final tengo empresas.,297.58,211,Disponible
89,Jefe,Mujer presencia etc algo aunque.,138.74,356,Disponible
90,Apenas,Final cierto tema pensar suerte cual expresión.,468.45,256,Agotado
91,España,Industria estoy hora gonzález madre.,206.95,474,Disponible
92,Mayo,Derecho actual necesario figura calle productos ésta.,358.63,106,Agotado
93,Ciento,Estados alto vida tales joven acciones partes.,471.55,310,Disponible
94,Quien,Cuales haya sólo habría.,345.46,243,Disponible
95,Fiscal,Ii centros objetivo es larga.,437.97,492,Disponible
96,Según,Diez mis ii le habían.,393.9,109,Agotado
97,Plan,Vista trata problemas varias fuera.,388.66,322,Disponible
98,Además,Cargo atención grupos voluntad momento muchos.,428.02,320,Disponible
99,Dicen,Uno conjunto principales abril.,134.55,419,Disponible
100,Especial,Son sociales violencia.,435.09,161,Agotado
101,Siendo,Juego interés hoy internacional.,65.27,195,Disponible
102,Debía,Esas vivir metros máximo.,396.64,64,Disponible
103,Tan,Muerto imposible estaba tenía.,374.6,470,Disponible
104,Pasó,Misma primeras hermano aunque esta.,452.46,174,Agotado
105,Blanco,Realizar generales explicó mirada fernando también televisión fecha.,382.23,435,Agotado
106,Cosas,García ciento medios datos fuerzas derechos pone un.,12.8,281,Agotado
107,Proyecto,Sabía papel blanco encuentran régimen particular.,271.15,154,Agotado
108,Pedro,Veces santiago casos principales.,345.71,137,Disponible
109,Libros,Crisis llegó don lado.,347.96,89,Disponible
110,Información,Problema contra deseo seguir ii.,250.8,315,Agotado
111,Informe,Momento al estamos b período revolución interés.,186.39,133,Agotado
112,Dar,Relación alguna mis toma primera material.,304.99,240,Agotado
113,Mundo,Explicó sé niño proyectos decir desde lo.,386.97,413,Agotado
114,Baja,Distintas nueva profesional.,381.05,394,Disponible
115,Este,Precisamente fue debe fuego primero futuro.,366.21,469,Agotado
116,Rodríguez,Tipo tres dónde distintos.,134.06,239,Agotado
117,Aquellas,Sólo destino mujeres chile.,384.23,287,Disponible
118,Primer,Fiscal hubiera siquiera último tenemos algunas.,401.29,68,Disponible
119,Pequeña,Línea mismos obras tenían muerte diversos servicio tú.,44.79,202,Agotado
120,Río,Elementos después sola rafael concepto menor análisis mayoría.,346.96,156,Disponible
121,Santa,Otros haciendo mientras bastante ambos debe condiciones pacientes.,162.27,402,Disponible
122,Zona,Plazo principios varias fueron otras.,194.37,98,Disponible
123,Tipo,Fiscal especialmente mañana vuelve evitar.,40.58,457,Disponible
124,Memoria,Mismos grupos nada parece.,242.92,376,Disponible
125,Habría,Esa encuentra nuevas iba políticos etapa ese seguir.,199.13,334,Disponible
126,Sería,Fuerza falta quien salir puede estado.,264.69,469,Disponible
127,Bastante,Actividad televisión pablo medios.,320.69,246,Disponible
128,Le,Mirada entonces pie.,490.91,305,Disponible
129,Dentro,Tiempos popular valores formación larga quería.,202.57,297,Disponible
130,Nivel,Necesidad artículo c adelante.,52.11,7,Agotado
131,Términos,Constitución psoe parece presente resultado julio mayoría.,388.5,408,Disponible
132,Sala,Primera parte tomar las.,365.29,480,Disponible
133,Unidad,Más marcha libre única persona antonio evitar propios.,101.02,182,Agotado
134,Mismos,Aquella nos diferencia época arte.,81.37,345,Disponible
135,Personal,Tenido aun resultado artículo.,410.13,270,Disponible
136,Pronto,Aquellos precisamente hombre menos.,165.2,81,Disponible
137,Metros,Fondo total derechos comercio alto congreso.,467.39,6,Agotado
138,Elementos,Soy han niño son producción jefe más.,283.14,486,Agotado
139,Con,J para haber.,80.55,415,Disponible
140,Ninguna,Compañía carne fondo centro área parecía importancia.,177.84,74,Disponible
141,Sectores,Máximo trabajar dado.,453.83,198,Disponible
142,Anterior,Sabe bastante niveles distintos oro plan.,346.92,283,Agotado
143,Cual,Oro expresión precios j siempre opinión por.,341.76,481,Agotado
144,Quizá,Al texto fuego esa.,278.05,147,Agotado
145,Allí,Gran ahí palabra.,443.0,127,Disponible
146,Propia,Estaban demasiado tribunal respuesta suelo.,453.72,247,Agotado
147,Enero,Eran otro programas los sino.,281.76,363,Disponible
148,Sala,Europa libros jamás habla año fuerzas.,83.0,316,Agotado
149,Viaje,Sectores cambios algunas análisis segundo.,217.91,45,Disponible
150,Falta,Trabajo entonces derechos sector quien parecía él.,429.36,306,Disponible
151,Ejemplo,Cuestión profesional diversos.,341.9,237,Agotado
152,República,Línea existe jóvenes podemos puede.,199.29,270,Agotado
153,Cuestión,Experiencia secretario nosotros fuerte estudio cuarto mayoría.,197.04,250,Agotado
154,Solamente,Negro siguientes cabeza allá.,187.84,173,Agotado
155,Decía,Elementos un da crecimiento ese un aquellas españoles.,378.07,76,Disponible
156,Julio,Sido semanas va formación.,375.7,283,Disponible
157,España,Si s grande años presencia serán servicios poco.,65.04,72,Agotado
158,Dan,Dentro aquel ministro anterior.,95.58,497,Disponible
159,Salida,Tales armas cualquier personas mirada humanos programa deja.,88.25,102,Agotado
160,Sala,Largo puso situación noche operación calle.,90.09,148,Agotado
161,Cuales,Vía sola valores entrar capacidad chile últimos.,189.27,468,Agotado
162,Problemas,Solamente artículo bastante.,123.68,13,Disponible
163,Blanca,Sangre precisamente donde manos.,186.44,27,Disponible
164,Animales,Vino siglo deseo difícil.,93.08,143,Agotado
165,Estuvo,Número ella general conseguir mar poco mismos.,346.73,41,Agotado
166,Deja,Favor negro siete gobierno construcción estuvo quiere éste.,308.83,67,Agotado
167,Antonio,Éste calidad encuentran.,275.76,90,Agotado
168,Encuentra,Cargo esos quien sectores voluntad.,301.18,211,Disponible
169,Nunca,Queda cambio función nuestros libre.,285.62,272,Agotado
170,Antes,Posibilidad usted ese dice deja partido jamás.,350.15,182,Agotado
171,Ésta,Unidos idea seguridad cabo.,335.82,291,Disponible
172,Cómo,Afirmó economía miedo buenos.,252.21,215,Agotado
173,M,Ayer espera reforma hospital.,365.23,61,Agotado
174,Hombre,Cuando juez trabajar historia don segundo mantener.,215.38,450,Agotado
175,Semana,Sol carne j enfermedad partir puedo.,161.91,136,Agotado
176,Económico,Alto juez tiempo.,223.83,500,Disponible
177,Fuerte,Lado tiempos durante ir dolor mis estilo encuentra.,205.45,58,Agotado
178,Reforma,Ex aire profesional deseo.,154.28,415,Disponible
179,Términos,Solución todas queda.,28.44,73,Disponible
180,Producto,Música socialista acuerdo hizo edad.,65.61,395,Agotado
181,Mes,Barcelona capital razones pueden pasar tampoco.,262.69,115,Disponible
182,Especialmente,Meses cosas luz volver reforma necesidad duda.,254.26,340,Disponible
183,Especialmente,Mismo baja viaje mañana solamente respuesta les.,458.7,153,Agotado
184,Sea,Vino época flores otras anterior ver.,251.53,255,Disponible
185,Plan,Importancia primeros vamos madre.,11.35,429,Agotado
186,Ante,Obstante ni cuales santa piel ser.,297.18,176,Agotado
187,Papel,Mientras existencia cabo presente segunda pone.,226.76,286,Disponible
188,Finalmente,Están razones datos solución ni dios.,158.33,178,Disponible
189,Frente,Alta millones mediante deseo respecto.,87.56,44,Agotado
190,Artículo,Uno personas cine.,31.8,335,Agotado
191,Están,Radio creo paz trabajar allá entrar servicios derecha.,216.63,91,Disponible
192,Grandes,Banco problema voy cosa suerte dólares.,198.44,494,Agotado
193,Alrededor,Países sur director aire manos te.,69.1,6,Agotado
194,Pasar,Compañía objetivo torno aire millones lo corte.,21.71,70,Agotado
195,Español,Educación palabras millones jorge fuentes.,173.64,5,Disponible
196,Texto,Interés llegado hombre esas propios.,213.21,499,Disponible
197,Universidad,Han también cámara pasa.,145.21,50,Disponible
198,Cómo,Aunque larga empresa capital natural serán encontrar.,106.66,300,Agotado
199,Bastante,Lejos oposición oposición hubo contrario ninguna.,389.01,256,Disponible
200,Viene,Cierta equipo tal llegado él informe existencia.,344.29,5,Disponible
